{
  "desc": "0.2.0",
  "plugins": [
    {
      "name": "网易云",
      "url": "https://love.leung.eu.org/musicfree-plugins/MF/WYY.js",
      "version": "0.0.2"
    },
    {
      "name": "酷狗",
      "url": "https://love.leung.eu.org/musicfree-plugins/MF/KG.js",
      "version": "0.1.5"
    },
    {
      "name": "酷我",
      "url": "https://love.leung.eu.org/musicfree-plugins/MF/KW.js",
      "version": "0.1.7"
    },
    {
      "name": "QQ音乐",
      "url": "https://love.leung.eu.org/musicfree-plugins/MF/QQ.js",
      "version": "0.0.0"
    },
    {
      "name": "千千音乐",
      "url": "https://love.leung.eu.org/musicfree-plugins/MF/91t.js",
      "version": "0.0.0"
    },
    {
      "name": "咪咕",
      "url": "https://love.leung.eu.org/musicfree-plugins/MF/MG.js",
      "version": "0.2.1"
    },
    {
      "name": "全民K歌",
      "url": "https://love.leung.eu.org/musicfree-plugins/MF/QQKG.js",
      "version": "0.1.1"
    },
    {
      "name": "喜马拉雅",
      "url": "https://love.leung.eu.org/musicfree-plugins/MF/XMLY.js",
      "version": "0.1.6"
    },



    {
      "name": "Audiomack",
      "url": "https://love.leung.eu.org/musicfree-plugins/MF/audiomack.js",
      "version": "0.0.2"
    },
    {
      "name": "歌词网",
      "url": "https://love.leung.eu.org/musicfree-plugins/MF/geciwang.js",
      "version": "0.0.0"
    },
    {
      "name": "歌词千寻",
      "url": "https://love.leung.eu.org/musicfree-plugins/MF/geciqianxun.js",
      "version": "0.0.0"
    },
    {
      "name": "Navidrome",
      "url": "https://love.leung.eu.org/musicfree-plugins/MF/navidrome.js",
      "version": "0.0.0"
    },
    {
      "name": "suno",
      "url": "https://love.leung.eu.org/musicfree-plugins/MF/suno.js",
      "version": "0.0.0"
    },
    {
      "name": "udio",
      "url": "https://love.leung.eu.org/musicfree-plugins/MF/udio.js",
      "version": "0.0.0"
    },
    {
      "name": "猫耳FM",
      "url": "https://love.leung.eu.org/musicfree-plugins/MF/maoerfm.js",
      "version": "0.1.4"
    },
    {
      "name": "快手",
      "url": "https://love.leung.eu.org/musicfree-plugins/MF/kuaishou.js",
      "version": "0.0.2"
    },
    {
      "name": "音悦台",
      "url": "https://love.leung.eu.org/musicfree-plugins/MF/yinyuetai.js",
      "version": "0.0.1"
    },
    {
      "name": "Youtube",
      "url": "https://love.leung.eu.org/musicfree-plugins/MF/youtube.js",
      "version": "0.0.1"
    },
    {
      "name": "bilibili",
      "url": "https://love.leung.eu.org/musicfree-plugins/MF/bilibili.js",
      "version": "0.2.3"
    },
    {
      "name": "WebDAV",
      "url": "https://love.leung.eu.org/musicfree-plugins/MF/webdav.js",
      "version": "0.0.2"
    },
    {
      "name": "JG_1",
      "url": "https://love.leung.eu.org/musicfree-plugins/MF/JG1.js",
      "version": "0.0.2"
    },
    {
      "name": "JG_2",
      "url": "https://love.leung.eu.org/musicfree-plugins/MF/JG2.js",
      "version": "0.0.2"
    },
    {
      "name": "JG_1",
      "url": "https://love.leung.eu.org/musicfree-plugins/MF/JP1.js",
      "version": "0.0.2"
    },
    {
      "name": "JP_2",
      "url": "https://love.leung.eu.org/musicfree-plugins/MF/JP2.js",
      "version": "0.0.2"
    },
      ]
}